model,scores
vgg16,"[1.044024109840393, 0.6440678238868713]"
vgg19,"[0.8153914213180542, 0.6836158037185669]"
resnet50,"[12.707494735717773, 0.48022598028182983]"
inception_v3,"[6.440673828125, 0.38983049988746643]"
xception,"[0.9132951498031616, 0.7570621371269226]"
