model,loss,accuracy,f1_score,time
vgg16,1.595204472541809,0.588942289352417,0.5889423076923077,211.0319685935974
vgg19,1.2260011434555054,0.6129807829856873,0.6129807692307693,250.86387038230896
resnet50,5.250495433807373,0.5961538553237915,0.5961538461538461,297.7487373352051
inception_v3,2.3024206161499023,0.4399038553237915,0.43990384615384615,354.6102101802826
xception,1.0542936325073242,0.7259615659713745,0.7259615384615384,311.76143884658813
