model,loss,accuracy,f1_score,time
vgg16,1.6769756078720093,0.6509901285171509,0.650990099009901,521.2761409282684
vgg19,1.6397955417633057,0.6051980257034302,0.6051980198019802,614.9910538196564
resnet50,8.391061782836914,0.5792078971862793,0.5792079207920792,627.4258205890656
inception_v3,3.483990430831909,0.2933168411254883,0.2933168316831683,761.0992085933685
xception,1.0285794734954834,0.7784653306007385,0.7784653465346535,724.2747144699097
